slug,display_name,country,region,status,featured,NEEDS_TAGLINE,NEEDS_HERO_IMAGE,NEEDS_SEO_DESCRIPTION,NEEDS_FILTERS
"porto","Porto","Portugal","Europe","active","YES","","YES","","YES"
"merida","Mérida","Mexico","Latin America","active","YES","","YES","","YES"
"asheville","Asheville","United States","North America","active","YES","","YES","","YES"
"sarasota","Sarasota","United States","North America","active","YES","","YES","","YES"
"chiang-mai","Chiang Mai","Thailand","Southeast Asia","active","YES","","YES","","YES"
"medellin","Medellín","Colombia","Latin America","active","YES","","YES","","YES"
"santa-fe","Santa Fe","United States","North America","active","YES","","YES","","YES"
"bend","Bend","United States","North America","active","YES","","YES","","YES"
"greenville-sc","Greenville","United States","North America","active","YES","","YES","","YES"
"sedona","Sedona","United States","North America","active","YES","","YES","","YES"
"st-augustine","St. Augustine","United States","North America","active","YES","","YES","","YES"
"victoria-bc","Victoria","Canada","North America","active","YES","","YES","","YES"
"halifax","Halifax","Canada","North America","active","YES","","YES","","YES"
"puerto-rico","Puerto Rico","United States Territory","Unknown","active","YES","","YES","","YES"
"roatan","Roatán","Honduras","Central America","active","YES","","YES","","YES"
"lisbon","Lisbon","Portugal","Europe","active","YES","","YES","","YES"
"valencia","Valencia","Spain","Europe","active","YES","","YES","","YES"
"oaxaca","Oaxaca","Mexico","Latin America","active","YES","","YES","","YES"
"chattanooga","Chattanooga","United States","North America","active","YES","","YES","","YES"
"tucson","Tucson","United States","North America","active","YES","","YES","","YES"
"panama-city","Panama City","Panama","Central America","active","YES","","YES","","YES"
"malaga","Málaga","Spain","Europe","active","YES","","YES","","YES"
"algarve","Algarve","Portugal","Europe","active","YES","","YES","","YES"
"athens","Athens","Greece","Europe","active","YES","","YES","","YES"
"florence","Florence","Italy","Europe","active","YES","","YES","","YES"
"split","Split","Croatia","Europe","active","YES","","YES","","YES"
"san-miguel","San Miguel de Allende","Mexico","Latin America","active","YES","","YES","","YES"
"puerto-vallarta","Puerto Vallarta","Mexico","Latin America","active","YES","","YES","","YES"
"cuenca","Cuenca","Ecuador","Latin America","active","YES","","YES","","YES"
"costa-rica","Central Valley, Costa Rica","Costa Rica","Central America","active","YES","","YES","","YES"
"penang","Penang","Malaysia","Southeast Asia","coming-soon","NO","","YES","","YES"
"da-nang","Da Nang","Vietnam","Southeast Asia","coming-soon","NO","","YES","","YES"
"naples-fl","Naples","United States","North America","coming-soon","NO","","YES","","YES"
"boise","Boise","United States","North America","coming-soon","NO","","YES","","YES"
"fort-collins","Fort Collins","United States","North America","coming-soon","NO","","YES","","YES"
"scottsdale","Scottsdale","United States","North America","coming-soon","NO","","YES","","YES"
"burlington-vt","Burlington","United States","North America","coming-soon","NO","","YES","","YES"
"fredericksburg-tx","Fredericksburg","United States","North America","coming-soon","NO","","YES","","YES"
"vancouver","Vancouver","Canada","North America","coming-soon","NO","","YES","","YES"
"kelowna","Kelowna","Canada","North America","coming-soon","NO","","YES","","YES"
"quebec-city","Québec City","Canada","North America","coming-soon","NO","","YES","","YES"
"ottawa","Ottawa","Canada","North America","coming-soon","NO","","YES","","YES"
"canmore","Canmore","Canada","North America","coming-soon","NO","","YES","","YES"
"charlottetown","Charlottetown","Canada","North America","coming-soon","NO","","YES","","YES"
"niagara-on-the-lake","Niagara-on-the-Lake","Canada","North America","coming-soon","NO","","YES","","YES"
"nanaimo","Nanaimo","Canada","North America","coming-soon","NO","","YES","","YES"
"ambergris-caye","Ambergris Caye","Belize","Central America","coming-soon","NO","","YES","","YES"
"las-terrenas","Las Terrenas","Dominican Republic","Caribbean","coming-soon","NO","","YES","","YES"
"barbados","Barbados","Barbados","Caribbean","coming-soon","NO","","YES","","YES"
"st-croix","St. Croix","US Virgin Islands","Unknown","coming-soon","NO","","YES","","YES"
"turks-caicos","Turks & Caicos","Turks and Caicos Islands","Unknown","coming-soon","NO","","YES","","YES"
"grenada","Grenada","Grenada","Caribbean","coming-soon","NO","","YES","","YES"
"st-kitts","St. Kitts","Saint Kitts and Nevis","Unknown","coming-soon","NO","","YES","","YES"
"cayman-islands","Cayman Islands","Cayman Islands","Caribbean","coming-soon","NO","","YES","","YES"
"playa-del-carmen","Playa del Carmen","Mexico","Latin America","coming-soon","NO","","YES","","YES"
"ajijic","Ajijic & Lake Chapala","Mexico","Latin America","coming-soon","NO","","YES","","YES"
"cartagena","Cartagena","Colombia","Latin America","coming-soon","NO","","YES","","YES"
"montevideo","Montevideo","Uruguay","Latin America","coming-soon","NO","","YES","","YES"
"buenos-aires","Buenos Aires","Argentina","Latin America","coming-soon","NO","","YES","","YES"
"lake-atitlan","Lake Atitlán","Guatemala","Central America","coming-soon","NO","","YES","","YES"
"boquete","Boquete","Panama","Central America","coming-soon","NO","","YES","","YES"
"barcelona","Barcelona","Spain","Europe","coming-soon","NO","","YES","","YES"
"alicante","Alicante","Spain","Europe","coming-soon","NO","","YES","","YES"
"prague","Prague","Czech Republic","Europe","coming-soon","NO","","YES","","YES"
"budapest","Budapest","Hungary","Europe","coming-soon","NO","","YES","","YES"
"funchal","Funchal","Portugal","Europe","coming-soon","NO","","YES","","YES"
"krakow","Kraków","Poland","Europe","coming-soon","NO","","YES","","YES"
"tbilisi","Tbilisi","Georgia","Middle East & Africa","coming-soon","NO","","YES","","YES"
"paphos","Paphos","Cyprus","Europe","coming-soon","NO","","YES","","YES"
"valletta","Valletta","Malta","Europe","coming-soon","NO","","YES","","YES"
"ljubljana","Ljubljana","Slovenia","Europe","coming-soon","NO","","YES","","YES"
"kotor","Kotor","Montenegro","Europe","coming-soon","NO","","YES","","YES"
"abruzzo","Abruzzo","Italy","Europe","coming-soon","NO","","YES","","YES"
"hua-hin","Hua Hin","Thailand","Southeast Asia","coming-soon","NO","","YES","","YES"
"kuala-lumpur","Kuala Lumpur","Malaysia","Southeast Asia","coming-soon","NO","","YES","","YES"
"taipei","Taipei","Taiwan","East Asia","coming-soon","NO","","YES","","YES"
"hoi-an","Hội An","Vietnam","Southeast Asia","coming-soon","NO","","YES","","YES"
"galle","Galle","Sri Lanka","South Asia","coming-soon","NO","","YES","","YES"
"cebu","Cebu","Philippines","Southeast Asia","coming-soon","NO","","YES","","YES"
"gold-coast","Gold Coast","Australia","Oceania","coming-soon","NO","","YES","","YES"
"nelson-nz","Nelson","New Zealand","Oceania","coming-soon","NO","","YES","","YES"
"byron-bay","Byron Bay","Australia","Oceania","coming-soon","NO","","YES","","YES"
"adelaide","Adelaide","Australia","Oceania","coming-soon","NO","","YES","","YES"
"hobart","Hobart","Australia","Oceania","coming-soon","NO","","YES","","YES"
"cairns","Cairns","Australia","Oceania","coming-soon","NO","","YES","","YES"
"sunshine-coast","Sunshine Coast","Australia","Oceania","coming-soon","NO","","YES","","YES"
"queenstown-nz","Queenstown","New Zealand","Oceania","coming-soon","NO","","YES","","YES"
"tauranga","Tauranga","New Zealand","Oceania","coming-soon","NO","","YES","","YES"
"wanaka","Wānaka","New Zealand","Oceania","coming-soon","NO","","YES","","YES"
"nice","Nice","France","Europe","coming-soon","NO","","YES","","YES"
"bordeaux","Bordeaux","France","Europe","coming-soon","NO","","YES","","YES"
"montpellier","Montpellier","France","Europe","coming-soon","NO","","YES","","YES"
"lugano","Lugano","Switzerland","Europe","coming-soon","NO","","YES","","YES"
"puglia","Puglia","Italy","Europe","coming-soon","NO","","YES","","YES"
"sicily","Sicily","Italy","Europe","coming-soon","NO","","YES","","YES"
"crete","Crete","Greece","Europe","coming-soon","NO","","YES","","YES"
"seville","Seville","Spain","Europe","coming-soon","NO","","YES","","YES"
"granada","Granada","Spain","Europe","coming-soon","NO","","YES","","YES"
"charleston-sc","Charleston","United States","North America","coming-soon","NO","","YES","","YES"
"palm-springs","Palm Springs","United States","North America","coming-soon","NO","","YES","","YES"
"prescott-az","Prescott","United States","North America","coming-soon","NO","","YES","","YES"
"wilmington-nc","Wilmington","United States","North America","coming-soon","NO","","YES","","YES"
"st-george-ut","St. George","United States","North America","coming-soon","NO","","YES","","YES"
"st-lucia","St. Lucia","Saint Lucia","Unknown","coming-soon","NO","","YES","","YES"
"antigua","Antigua","Antigua and Barbuda","Unknown","coming-soon","NO","","YES","","YES"
"los-cabos","Los Cabos","Mexico","Latin America","coming-soon","NO","","YES","","YES"
"mazatlan","Mazatlán","Mexico","Latin America","coming-soon","NO","","YES","","YES"
"guadalajara","Guadalajara","Mexico","Latin America","coming-soon","NO","","YES","","YES"
"phuket","Phuket","Thailand","Southeast Asia","coming-soon","NO","","YES","","YES"
"ho-chi-minh-city","Ho Chi Minh City","Vietnam","Southeast Asia","coming-soon","NO","","YES","","YES"
"melbourne","Melbourne","Australia","Oceania","coming-soon","NO","","YES","","YES"
"perth","Perth","Australia","Oceania","coming-soon","NO","","YES","","YES"
"christchurch-nz","Christchurch","New Zealand","Oceania","coming-soon","NO","","YES","","YES"
"bali","Bali","Indonesia","Southeast Asia","coming-soon","NO","","YES","","YES"
"fukuoka","Fukuoka","Japan","East Asia","coming-soon","NO","","YES","","YES"
"marrakech","Marrakech","Morocco","Middle East & Africa","coming-soon","NO","","YES","","YES"
"cape-town","Cape Town","South Africa","Middle East & Africa","coming-soon","NO","","YES","","YES"
"accra","Accra","Ghana","Unknown","coming-soon","NO","","YES","","YES"
"flagstaff","Flagstaff","United States","North America","coming-soon","NO","","YES","","YES"
"ashland-or","Ashland","United States","North America","coming-soon","NO","","YES","","YES"
"douro-valley","Douro Valley","Portugal","Europe","coming-soon","NO","","YES","","YES"
"alentejo","Alentejo","Portugal","Europe","coming-soon","NO","","YES","","YES"
"galicia","Galicia","Spain","Europe","coming-soon","NO","","YES","","YES"
"county-clare","County Clare","Ireland","Unknown","coming-soon","NO","","YES","","YES"
"cotswolds","The Cotswolds","United Kingdom","Unknown","coming-soon","NO","","YES","","YES"
"dordogne","Dordogne","France","Europe","coming-soon","NO","","YES","","YES"
"umbria","Umbria","Italy","Europe","coming-soon","NO","","YES","","YES"
"stellenbosch","Stellenbosch","South Africa","Middle East & Africa","coming-soon","NO","","YES","","YES"
"nairobi","Nairobi","Kenya","Middle East & Africa","coming-soon","NO","","YES","","YES"
"zanzibar","Zanzibar","Tanzania","Unknown","coming-soon","NO","","YES","","YES"
"mauritius","Mauritius","Mauritius","Unknown","coming-soon","NO","","YES","","YES"
"marlborough-nz","Marlborough","New Zealand","Oceania","coming-soon","NO","","YES","","YES"